<?xml version="1.0" encoding="UTF-8" standalone="yes"?>
<addon id="plugin.video.lostfilm.tv" name="LostFilm.TV" version="0.1.3" provider-name="Ksantor">
    <requires>
        <import addon="xbmc.python" version="2.14.0"/>
        <import addon="script.module.requests" version="2.7.0"/>
        <import addon="script.module.futures" version="2.2.0"/>
        <import addon="script.module.parsedom" version="2.5.2"/>
        <import addon="script.module.torrent2http" version="0.1.0"/>
    </requires>
    <extension point="xbmc.python.pluginsource" library="addon.py">
        <provides>video</provides>
    </extension>
    <extension point="xbmc.addon.metadata">
        <platform>all</platform>
        <language>ru en</language>
        <website>http://lostfilm.tv/</website>
        <source>https://github.com/Ksantor/plugin.video.lostfilm.tv</source>
    </extension>
</addon>
